Workbook
Name YahooData: Sheet1!#REF!
Name YahooData: Sheet2!$A$1:$D$13
Name YahooData_1: Sheet2!$A$1:$D$7

Sheet Sheet1
A1: N | B1: =Sheet2!#REF! -> #REF!
A2: N | B2: =Sheet2!#REF! -> #REF!
A3: N | B3: =Sheet2!A2 -> AAPL
A4: N | B4: =Sheet2!A3 -> ABBV
A5: N | B5: =Sheet2!A4 -> ABT
A6: N | B6: =Sheet2!A5 -> ACN
A7: N | B7: =Sheet2!A6 -> ADBE
A8: N | B8: =Sheet2!A7 -> AGN
A9: N | B9: =Sheet2!A8 -> AIG
A10: N | B10: =Sheet2!A9 -> ALL
A11: N | B11: =Sheet2!A10 -> AMGN
A12: N | B12: =Sheet2!A11 -> AMZN
A13: N | B13: =Sheet2!A12 -> AXP
A14: N | B14: =Sheet2!A13 -> BA
... A100: N | B100: =Sheet2!A99 -> WMT

Sheet Sheet2
A1: Symbol | B1: P_fwd | C1: EPS_ttm | D1: EPS_fwd | E1: IsETF
A2: AAPL | B2: 306.85 | C2: 12.69 | D2: 15.13 | E2: 0
A3: ABBV | B3: 93.46 | C3: 9.53 | D3: 10.37 | E3: 0
A4: ABT | B4: 94.07 | C4: 3.25 | D4: 3.82 | E4: 0
A5: ACN | B5: 186.09 | C5: 7.6 | D5: 8.09 | E5: 0
A6: ADBE | B6: 338.54 | C6: 9.75 | D6: 11.17 | E6: 0
A7: AGN | B7: 193.31 | C7: 16.57 | D7: 17.92 | E7: 0
A8: AIG | B8: 46.46 | C8: 4.15 | D8: 4.94 | E8: 0
A9: ALL | B9: 117.47 | C9: 10.68 | D9: 10.93 | E9: 0
A10: AMGN | B10: 244.4 | C10: 15.67 | D10: 17.01 | E10: 0
A11: AMZN | B11: 2413.11 | C11: 28.25 | D11: 39.74 | E11: 0
A12: AXP | B12: 108.83 | C12: 6.67 | D12: 8.5 | E12: 0
A13: BA | B13: 164.5 | C13: 0.06 | D13: 11.8 | E13: 0
... A101: AMT | B101: 305.7703 | C101: 0.93 | D101: 2.15 | E101: 0
